{"cameraMode":{"drawMode":0,"name":"Shaded","section":"Shading Mode"},"sceneLighting":true,"audioPlay":false,"sceneViewState":{"m_AlwaysRefresh":false,"showFog":true,"showSkybox":true,"showFlares":true,"showImageEffects":true,"showParticleSystems":true,"showVisualEffectGraphs":true,"m_FxEnabled":true},"in2DMode":false,"pivot":{"x":-3.158658981323242,"y":12.12464714050293,"z":-19.946561813354493},"rotation":{"x":0.28629258275032046,"y":0.17996050417423249,"z":-0.05495111271739006,"w":0.9394971132278442},"size":0.9863669872283936,"orthographic":false}